Iteration,IMUNo,OrientationX (deg),OrientationY,OrientationZ,GyroX (20rad/sec),GyroY,GyroZ,Elbow_Pos (rad),Time (sec)
73.00,0.00,124.81,-2.12,-88.75,-0.62,0.56,-0.12,0.00,1.02
73.00,1.00,322.81,3.38,-59.06,-0.69,-0.38,-0.25,0.00,1.02
73.00,2.00,97.88,-13.81,16.31,-0.75,-0.38,0.12,0.00,1.02
73.00,0.00,124.81,-2.12,-88.75,0.06,-0.44,0.75,0.00,1.04
73.00,1.00,322.81,3.38,-59.06,-0.75,0.31,-0.19,0.00,1.04
73.00,2.00,97.88,-13.81,16.31,0.25,0.12,-0.19,0.00,1.04
73.00,0.00,124.81,-2.12,-88.75,-0.06,-1.25,0.44,0.00,1.06
73.00,1.00,322.81,3.38,-59.06,-1.00,0.62,-0.06,0.00,1.06
73.00,2.00,97.88,-13.81,16.31,0.00,-0.31,0.19,0.00,1.06
73.00,0.00,124.88,-2.12,-88.75,-0.25,-1.19,-0.38,-0.01,1.08
73.00,1.00,322.81,3.38,-59.00,-1.69,0.31,0.25,-0.01,1.08
73.00,2.00,97.88,-13.81,16.31,-0.19,-0.25,0.44,-0.01,1.08
73.00,0.00,124.88,-2.12,-88.75,-0.12,-1.31,-0.56,-0.01,1.10
73.00,1.00,322.81,3.38,-59.00,-1.50,0.69,0.44,-0.01,1.10
73.00,2.00,97.88,-13.81,16.31,-0.06,-0.12,0.19,-0.01,1.10
73.00,0.00,124.94,-2.12,-88.75,-0.19,-1.38,-0.56,-0.01,1.12
73.00,1.00,322.81,3.38,-58.94,-1.19,0.75,0.38,-0.01,1.12
73.00,2.00,97.88,-13.81,16.31,-0.19,0.25,0.06,-0.01,1.12
73.00,0.00,124.94,-2.12,-88.75,0.00,-0.94,-0.44,0.00,1.14
73.00,1.00,322.81,3.38,-58.94,-0.81,0.00,-0.50,0.00,1.14
73.00,2.00,97.88,-13.81,16.31,-0.12,0.69,-0.19,0.00,1.14
73.00,0.00,124.94,-2.12,-88.75,0.56,-0.25,-0.56,0.00,1.16
73.00,1.00,322.81,3.38,-58.94,-0.44,-0.38,-0.75,0.00,1.16
73.00,2.00,97.88,-13.88,16.31,0.38,1.06,-0.31,0.00,1.16
73.00,0.00,124.94,-2.12,-88.75,0.88,-0.31,-0.06,0.01,1.18
73.00,1.00,322.88,3.38,-58.94,-0.12,-1.12,-1.19,0.01,1.18
73.00,2.00,97.88,-13.88,16.31,0.75,1.06,-0.56,0.01,1.18
73.00,0.00,124.94,-2.12,-88.75,0.62,-0.06,0.50,-0.03,1.20
73.00,1.00,322.88,3.38,-58.94,0.12,-1.25,-1.25,-0.03,1.20
73.00,2.00,97.94,-13.88,16.31,1.88,0.94,-1.44,-0.03,1.20
73.00,0.00,124.94,-2.06,-88.75,0.69,0.69,0.69,-0.06,1.22
73.00,1.00,322.94,3.31,-58.94,0.12,-1.00,-1.50,-0.06,1.22
73.00,2.00,97.94,-13.88,16.25,1.62,0.81,-1.94,-0.06,1.22
73.00,0.00,124.88,-2.06,-88.75,0.19,0.25,0.44,-0.10,1.24
73.00,1.00,322.94,3.31,-58.94,0.50,-0.88,-0.75,-0.10,1.24
73.00,2.00,98.00,-13.88,16.25,1.69,0.69,-1.88,-0.10,1.24
73.00,0.00,124.94,-2.06,-88.75,0.00,-0.75,0.25,-0.13,1.26
73.00,1.00,323.00,3.31,-59.00,1.75,-1.31,-0.38,-0.13,1.26
73.00,2.00,98.00,-13.88,16.25,1.00,0.50,-1.25,-0.13,1.26
73.00,0.00,124.94,-2.06,-88.75,-0.31,-1.62,-0.38,-0.16,1.28
73.00,1.00,323.00,3.31,-59.06,2.94,-0.69,0.31,-0.16,1.28
73.00,2.00,98.06,-13.88,16.25,0.62,0.31,-1.12,-0.16,1.28
73.00,0.00,125.00,-2.06,-88.75,-0.19,-1.88,-0.50,-0.17,1.30
73.00,1.00,323.00,3.31,-59.06,1.50,-1.00,0.19,-0.17,1.30
73.00,2.00,98.06,-13.88,16.25,0.38,0.25,-1.00,-0.17,1.30
73.00,0.00,125.00,-2.06,-88.75,0.00,-1.75,-0.44,-0.18,1.32
73.00,1.00,323.00,3.31,-59.12,1.06,-0.94,-0.19,-0.18,1.32
73.00,2.00,98.06,-13.88,16.25,0.44,0.44,-1.00,-0.18,1.32
73.00,0.00,125.06,-2.06,-88.75,0.19,-1.94,-0.31,-0.19,1.34
73.00,1.00,323.06,3.31,-59.12,1.00,-0.81,-0.69,-0.19,1.34
73.00,2.00,98.12,-13.88,16.25,0.44,0.69,-1.00,-0.19,1.34
73.00,0.00,125.06,-2.06,-88.75,0.31,-1.56,-0.31,-0.20,1.36
73.00,1.00,323.06,3.31,-59.12,0.88,-0.94,-0.75,-0.20,1.36
73.00,2.00,98.12,-13.88,16.25,0.56,0.62,-0.94,-0.20,1.36
73.00,0.00,125.12,-2.06,-88.75,0.19,-1.31,-0.31,-0.21,1.38
73.00,1.00,323.12,3.31,-59.12,0.31,-0.81,-0.88,-0.21,1.38
73.00,2.00,98.12,-13.88,16.25,0.69,1.00,-0.81,-0.21,1.38
73.00,0.00,125.12,-2.06,-88.75,0.06,-1.69,-0.38,-0.23,1.40
73.00,1.00,323.12,3.25,-59.12,-0.62,-0.19,-1.19,-0.23,1.40
73.00,2.00,98.19,-13.94,16.25,0.50,0.56,-0.94,-0.23,1.40
73.00,0.00,125.19,-2.06,-88.75,-0.25,-1.56,-0.44,-0.25,1.42
73.00,1.00,323.19,3.25,-59.12,-1.44,-0.19,-1.06,-0.25,1.42
73.00,2.00,98.19,-13.94,16.25,0.50,0.56,-0.88,-0.25,1.42
73.00,0.00,125.19,-2.06,-88.75,-0.25,-1.38,-0.81,-0.28,1.44
73.00,1.00,323.19,3.19,-59.12,-1.06,0.00,-0.88,-0.28,1.44
73.00,2.00,98.19,-13.94,16.25,0.81,0.56,-0.31,-0.28,1.44
73.00,0.00,125.25,-2.12,-88.75,-0.50,-1.31,-0.88,-0.31,1.46
73.00,1.00,323.19,3.19,-59.12,0.00,0.25,-0.50,-0.31,1.46
73.00,2.00,98.19,-13.94,16.19,0.81,1.00,0.00,-0.31,1.46
73.00,0.00,125.31,-2.12,-88.75,-0.06,-1.12,-1.00,-0.33,1.48
73.00,1.00,323.19,3.19,-59.12,0.25,0.00,-0.50,-0.33,1.48
73.00,2.00,98.19,-13.94,16.19,0.50,1.12,0.12,-0.33,1.48
73.00,0.00,125.31,-2.12,-88.75,0.25,-0.12,-0.88,-0.33,1.50
73.00,1.00,323.25,3.19,-59.12,-0.06,-0.19,-0.94,-0.33,1.50
73.00,2.00,98.19,-13.94,16.19,0.25,1.19,-0.12,-0.33,1.50
73.00,0.00,125.31,-2.19,-88.75,0.56,0.25,-0.75,-0.34,1.52
73.00,1.00,323.25,3.12,-59.12,-0.12,0.00,-0.88,-0.34,1.52
73.00,2.00,98.19,-14.00,16.19,0.75,1.50,0.12,-0.34,1.52
73.00,0.00,125.31,-2.19,-88.75,0.50,-0.31,-0.44,-0.34,1.54
73.00,1.00,323.25,3.12,-59.12,0.06,0.12,-0.94,-0.34,1.54
73.00,2.00,98.19,-14.00,16.19,0.56,0.94,0.12,-0.34,1.54
73.00,0.00,125.31,-2.19,-88.75,0.06,-0.62,-0.75,-0.34,1.56
73.00,1.00,323.31,3.12,-59.12,0.38,0.31,-0.62,-0.34,1.56
73.00,2.00,98.19,-14.00,16.19,0.00,0.56,0.31,-0.34,1.56
73.00,0.00,125.38,-2.19,-88.75,0.00,-0.62,-0.75,-0.33,1.58
73.00,1.00,323.31,3.06,-59.12,-0.19,0.25,-0.44,-0.33,1.58
73.00,2.00,98.19,-14.00,16.19,-0.12,0.88,0.44,-0.33,1.58
73.00,0.00,125.38,-2.19,-88.75,-0.25,-1.19,-0.69,-0.33,1.60
73.00,1.00,323.31,3.06,-59.12,-0.56,0.19,-0.38,-0.33,1.60
73.00,2.00,98.19,-14.00,16.19,-0.25,0.50,0.06,-0.33,1.60
73.00,0.00,125.44,-2.19,-88.75,-0.62,-1.44,-0.56,-0.33,1.62
73.00,1.00,323.31,3.06,-59.12,-1.00,0.56,-0.06,-0.33,1.62
73.00,2.00,98.19,-14.00,16.19,-0.69,-0.12,-0.12,-0.33,1.62
73.00,0.00,125.44,-2.19,-88.69,-0.75,-1.69,-0.50,-0.33,1.64
73.00,1.00,323.31,3.06,-59.06,-1.19,0.56,-0.06,-0.33,1.64
73.00,2.00,98.19,-14.00,16.19,-0.75,-0.06,-0.25,-0.33,1.64
73.00,0.00,125.50,-2.19,-88.69,-0.56,-2.38,-0.81,-0.31,1.66
73.00,1.00,323.31,3.06,-59.06,-1.12,0.56,0.00,-0.31,1.66
73.00,2.00,98.19,-14.06,16.25,-1.19,0.06,-0.44,-0.31,1.66
73.00,0.00,125.56,-2.25,-88.69,-0.31,-2.31,-0.88,-0.30,1.68
73.00,1.00,323.31,3.00,-59.00,-1.44,-0.25,-0.56,-0.30,1.68
73.00,2.00,98.19,-14.06,16.31,-0.75,0.19,-0.75,-0.30,1.68
73.00,0.00,125.62,-2.25,-88.69,0.12,-2.38,-0.62,-0.31,1.70
73.00,1.00,323.38,3.00,-59.00,-0.88,-0.88,-1.31,-0.31,1.70
73.00,2.00,98.25,-14.06,16.31,0.31,0.94,-1.25,-0.31,1.70
73.00,0.00,125.69,-2.25,-88.69,0.38,-3.06,-0.25,-0.33,1.72
73.00,1.00,323.44,2.94,-59.00,-0.50,-0.62,-1.62,-0.33,1.72
73.00,2.00,98.25,-14.06,16.31,1.12,1.56,-1.62,-0.33,1.72
73.00,0.00,125.75,-2.25,-88.69,0.12,-4.19,-0.12,-0.34,1.74
73.00,1.00,323.44,2.94,-59.00,-0.19,-0.25,-0.94,-0.34,1.74
73.00,2.00,98.31,-14.12,16.31,0.69,1.38,-1.19,-0.34,1.74
73.00,0.00,125.88,-2.25,-88.69,-0.25,-5.25,-0.19,-0.38,1.76
73.00,1.00,323.50,2.94,-59.00,-0.06,-0.62,-0.69,-0.38,1.76
73.00,2.00,98.31,-14.12,16.31,1.19,1.50,-1.19,-0.38,1.76
73.00,0.00,125.94,-2.25,-88.69,-1.00,-5.69,0.50,-0.42,1.78
73.00,1.00,323.50,2.88,-59.00,0.06,-0.12,-0.19,-0.42,1.78
73.00,2.00,98.38,-14.19,16.31,0.31,1.50,-0.56,-0.42,1.78
73.00,0.00,126.06,-2.19,-88.62,-2.06,-5.00,1.06,-0.46,1.80
73.00,1.00,323.50,2.88,-59.00,0.75,0.69,0.38,-0.46,1.80
73.00,2.00,98.38,-14.19,16.31,-0.56,1.56,0.12,-0.46,1.80
73.00,0.00,126.06,-2.19,-88.56,-2.44,-2.81,1.62,-0.51,1.82
73.00,1.00,323.50,2.88,-59.00,0.25,0.75,0.50,-0.51,1.82
73.00,2.00,98.38,-14.25,16.31,-0.69,1.12,0.50,-0.51,1.82
73.00,0.00,126.06,-2.19,-88.56,-2.00,-0.25,2.00,-0.56,1.84
73.00,1.00,323.44,2.88,-59.00,0.19,1.00,1.00,-0.56,1.84
73.00,2.00,98.38,-14.25,16.31,-0.56,0.12,0.94,-0.56,1.84
73.00,0.00,126.00,-2.06,-88.56,-1.75,2.38,2.12,-0.60,1.86
73.00,1.00,323.44,2.88,-59.00,0.50,1.12,1.44,-0.60,1.86
73.00,2.00,98.31,-14.25,16.31,-0.19,-0.62,1.56,-0.60,1.86
73.00,0.00,125.88,-2.00,-88.56,-1.38,4.31,2.12,-0.64,1.88
73.00,1.00,323.38,2.88,-59.06,0.81,1.31,1.81,-0.64,1.88
73.00,2.00,98.25,-14.25,16.31,0.00,-1.88,2.31,-0.64,1.88
73.00,0.00,125.69,-1.94,-88.56,-1.25,5.00,1.94,-0.67,1.90
73.00,1.00,323.31,2.88,-59.06,1.62,1.75,2.56,-0.67,1.90
73.00,2.00,98.19,-14.19,16.31,-0.12,-1.50,2.56,-0.67,1.90
73.00,0.00,125.56,-1.94,-88.56,-1.38,5.56,1.50,-0.68,1.92
73.00,1.00,323.25,2.94,-59.12,1.38,2.75,3.12,-0.68,1.92
73.00,2.00,98.12,-14.19,16.31,-1.06,-1.50,3.00,-0.68,1.92
73.00,0.00,125.44,-1.88,-88.56,-0.94,5.25,1.00,-0.67,1.94
73.00,1.00,323.12,2.94,-59.12,-0.62,3.31,2.94,-0.67,1.94
73.00,2.00,98.06,-14.19,16.31,-1.19,-1.50,3.31,-0.67,1.94
73.00,0.00,125.31,-1.88,-88.50,-0.81,5.00,0.75,-0.66,1.96
73.00,1.00,323.00,2.94,-59.06,-0.56,3.94,3.56,-0.66,1.96
73.00,2.00,98.00,-14.19,16.31,-1.19,-1.88,3.31,-0.66,1.96
73.00,0.00,125.25,-1.88,-88.50,-0.75,4.44,0.69,-0.63,1.98
73.00,1.00,322.94,2.94,-59.06,-1.56,4.00,4.38,-0.63,1.98
73.00,2.00,97.94,-14.12,16.38,-1.81,-3.56,3.38,-0.63,1.98
73.00,0.00,125.19,-1.88,-88.50,-1.31,3.19,-0.31,-0.61,2.00
73.00,1.00,322.75,3.00,-59.00,-2.25,3.56,4.88,-0.61,2.00
73.00,2.00,97.88,-14.06,16.38,-2.25,-4.44,2.81,-0.61,2.00
73.00,0.00,125.12,-1.94,-88.44,-1.75,2.44,-0.62,-0.56,2.02
73.00,1.00,322.69,3.00,-58.94,-2.69,3.06,4.62,-0.56,2.02
73.00,2.00,97.81,-14.06,16.44,-3.38,-3.50,1.81,-0.56,2.02
73.00,0.00,125.12,-1.94,-88.38,-2.00,0.50,-0.62,-0.48,2.04
73.00,1.00,322.56,3.06,-58.88,-3.88,2.88,4.06,-0.48,2.04
73.00,2.00,97.75,-14.00,16.62,-4.62,-2.44,1.00,-0.48,2.04
73.00,0.00,125.12,-1.94,-88.38,-1.69,-0.12,0.81,-0.41,2.06
73.00,1.00,322.50,3.06,-58.75,-6.38,2.62,2.81,-0.41,2.06
73.00,2.00,97.75,-14.00,16.75,-4.38,-0.38,0.31,-0.41,2.06
73.00,0.00,125.12,-1.94,-88.31,-0.75,0.25,1.69,-0.35,2.08
73.00,1.00,322.50,3.00,-58.62,-6.44,0.81,0.88,-0.35,2.08
73.00,2.00,97.75,-14.00,16.88,-2.75,1.31,-0.50,-0.35,2.08
73.00,0.00,125.06,-1.88,-88.31,2.00,2.31,4.62,-0.26,2.10
73.00,1.00,322.50,3.00,-58.56,-2.44,-1.12,0.00,-0.26,2.10
73.00,2.00,97.75,-14.06,16.94,-1.06,1.88,-0.81,-0.26,2.10
73.00,0.00,124.88,-1.75,-88.38,2.50,3.81,5.38,-0.19,2.12
73.00,1.00,322.56,3.00,-58.50,-1.81,-1.62,-0.75,-0.19,2.12
73.00,2.00,97.81,-14.12,17.00,-0.19,1.81,-0.62,-0.19,2.12
73.00,0.00,124.69,-1.62,-88.44,5.56,6.50,6.44,0.00,2.14
73.00,1.00,322.56,2.94,-58.50,-2.06,-1.38,-0.69,0.00,2.14
73.00,2.00,97.81,-14.12,17.00,-0.88,1.62,-0.44,0.00,2.14
73.00,0.00,124.44,-1.50,-88.62,7.12,6.69,6.50,0.24,2.16
73.00,1.00,322.62,2.94,-58.44,-3.00,-1.25,-0.62,0.24,2.16
73.00,2.00,97.81,-14.19,17.00,-1.25,1.06,-0.19,0.24,2.16
73.00,0.00,124.19,-1.38,-88.81,10.81,6.31,7.06,0.57,2.18
73.00,1.00,322.62,2.94,-58.38,-4.25,-1.19,-1.00,0.57,2.18
73.00,2.00,97.81,-14.19,17.06,-0.81,1.06,-0.06,0.57,2.18
73.00,0.00,123.94,-1.25,-89.12,16.56,6.06,7.06,1.07,2.20
73.00,1.00,322.75,2.94,-58.31,-4.19,-2.75,-1.81,1.07,2.20
73.00,2.00,97.81,-14.25,17.12,-0.75,1.81,-0.44,1.07,2.20
73.00,0.00,123.69,-1.12,-89.56,23.62,7.00,7.06,1.79,2.22
73.00,1.00,322.81,2.88,-58.19,-4.00,-3.69,-2.25,1.79,2.22
73.00,2.00,97.81,-14.31,17.19,-1.88,3.12,-0.88,1.79,2.22
73.00,0.00,123.38,-0.94,-90.12,31.56,9.62,8.38,2.76,2.24
73.00,1.00,322.94,2.88,-58.12,-3.12,-6.19,-2.19,2.76,2.24
73.00,2.00,97.88,-14.38,17.31,-2.25,5.88,-0.94,2.76,2.24
73.00,0.00,122.88,-0.75,-90.88,40.25,15.06,10.31,3.94,2.26
73.00,1.00,323.06,2.88,-58.06,-3.00,-6.69,-2.44,3.94,2.26
73.00,2.00,97.94,-14.50,17.38,-1.12,7.88,-0.81,3.94,2.26
73.00,0.00,122.31,-0.56,-91.81,50.44,21.19,12.38,5.37,2.28
73.00,1.00,323.19,2.94,-58.06,-2.94,-7.88,-3.12,5.37,2.28
73.00,2.00,97.94,-14.69,17.44,0.44,8.00,-0.88,5.37,2.28
73.00,0.00,121.56,-0.25,-92.94,60.56,26.25,14.38,7.03,2.30
73.00,1.00,323.38,2.94,-58.00,-3.75,-8.50,-3.81,7.03,2.30
73.00,2.00,98.00,-14.81,17.38,2.81,7.25,-0.31,7.03,2.30
73.00,0.00,120.62,0.00,-94.19,67.38,31.19,13.00,8.84,2.32
73.00,1.00,323.56,2.94,-57.94,-3.12,-8.12,-4.06,8.84,2.32
73.00,2.00,98.00,-14.94,17.31,4.06,6.38,0.00,8.84,2.32
73.00,0.00,119.69,0.25,-95.56,72.56,34.00,11.44,10.81,2.34
73.00,1.00,323.75,3.00,-57.88,-1.81,-9.31,-3.38,10.81,2.34
73.00,2.00,98.06,-15.00,17.25,3.56,5.31,0.44,10.81,2.34
73.00,0.00,118.69,0.56,-97.06,77.94,36.25,12.50,12.95,2.36
73.00,1.00,323.88,3.00,-57.88,-0.88,-9.94,-2.88,12.95,2.36
73.00,2.00,98.06,-15.12,17.19,3.19,3.69,1.81,12.95,2.36
73.00,0.00,117.56,0.94,-98.62,81.44,38.19,13.00,15.18,2.38
73.00,1.00,324.06,3.06,-57.88,-1.56,-9.06,-3.94,15.18,2.38
73.00,2.00,98.00,-15.19,17.12,3.31,2.88,2.50,15.18,2.38
73.00,0.00,116.38,1.31,-100.19,83.75,39.94,12.44,17.42,2.40
73.00,1.00,324.25,3.06,-57.88,-1.06,-8.25,-4.00,17.42,2.40
73.00,2.00,98.00,-15.25,17.00,5.38,3.12,2.94,17.42,2.40
73.00,0.00,115.12,1.69,-101.81,85.94,40.56,12.12,19.68,2.42
73.00,1.00,324.31,3.06,-57.88,-0.62,-1.69,-2.44,19.68,2.42
73.00,2.00,97.94,-15.38,16.88,7.12,3.88,5.06,19.68,2.42
73.00,0.00,113.81,2.12,-103.50,88.81,40.12,15.00,21.96,2.44
73.00,1.00,324.31,3.06,-57.88,-0.12,2.06,-0.25,21.96,2.44
73.00,2.00,97.81,-15.44,16.69,8.94,0.56,8.81,21.96,2.44
73.00,0.00,112.56,2.56,-105.19,87.75,34.88,13.62,24.17,2.46
73.00,1.00,324.25,3.06,-57.88,-1.88,5.31,2.00,24.17,2.46
73.00,2.00,97.56,-15.44,16.38,10.50,-4.12,17.94,24.17,2.46
73.00,0.00,111.38,3.00,-106.81,82.88,31.50,12.94,26.23,2.48
73.00,1.00,324.12,3.00,-57.88,-2.00,6.31,2.06,26.23,2.48
73.00,2.00,97.12,-15.50,16.00,10.94,-7.88,21.88,26.23,2.48
73.00,0.00,110.19,3.38,-108.38,80.56,28.19,13.00,28.22,2.50
73.00,1.00,324.00,3.00,-57.88,0.81,7.62,2.50,28.22,2.50
73.00,2.00,96.69,-15.44,15.62,11.06,-9.69,23.44,28.22,2.50
73.00,0.00,109.06,3.81,-109.88,79.56,24.88,12.75,30.16,2.52
73.00,1.00,323.88,2.94,-57.88,-0.19,8.56,4.00,30.16,2.52
73.00,2.00,96.25,-15.38,15.25,11.56,-10.69,24.31,30.16,2.52
73.00,0.00,108.06,4.19,-111.38,77.88,20.25,12.69,32.08,2.54
73.00,1.00,323.69,2.94,-57.88,-0.12,9.62,5.12,32.08,2.54
73.00,2.00,95.75,-15.31,14.88,10.75,-11.88,24.56,32.08,2.54
73.00,0.00,107.19,4.50,-112.81,73.75,16.94,11.19,33.94,2.56
73.00,1.00,323.44,2.94,-57.88,-0.25,9.44,5.88,33.94,2.56
73.00,2.00,95.25,-15.19,14.56,8.75,-14.12,23.62,33.94,2.56
73.00,0.00,106.25,4.88,-114.25,73.12,17.00,12.50,35.81,2.58
73.00,1.00,323.25,2.94,-57.88,-0.19,9.38,6.31,35.81,2.58
73.00,2.00,94.81,-15.06,14.25,7.75,-14.44,22.94,35.81,2.58
73.00,0.00,105.25,5.25,-115.62,72.06,17.25,13.75,37.59,2.60
73.00,1.00,323.00,2.94,-57.88,0.31,8.31,6.69,37.59,2.60
73.00,2.00,94.38,-14.88,13.94,9.69,-14.62,21.94,37.59,2.60
73.00,0.00,104.25,5.62,-116.94,70.25,17.44,12.56,39.29,2.62
73.00,1.00,322.81,2.94,-57.88,1.25,8.12,6.50,39.29,2.62
73.00,2.00,93.94,-14.75,13.62,10.81,-14.12,21.56,39.29,2.62
73.00,0.00,103.12,6.00,-118.31,70.69,17.50,14.69,41.02,2.64
73.00,1.00,322.62,2.94,-57.94,1.81,7.00,6.62,41.02,2.64
73.00,2.00,93.50,-14.56,13.31,10.38,-13.88,21.31,41.02,2.64
73.00,0.00,102.00,6.44,-119.62,68.06,17.31,15.00,42.66,2.66
73.00,1.00,322.44,3.00,-58.00,1.94,6.19,6.81,42.66,2.66
73.00,2.00,93.12,-14.38,13.00,10.69,-15.19,21.50,42.66,2.66
73.00,0.00,100.88,6.81,-120.94,66.56,16.19,14.06,44.25,2.68
73.00,1.00,322.25,3.00,-58.00,2.06,5.69,6.88,44.25,2.68
73.00,2.00,92.69,-14.19,12.69,11.00,-18.25,20.25,44.25,2.68
73.00,0.00,99.75,7.19,-122.12,64.88,15.94,12.81,45.76,2.70
73.00,1.00,322.06,3.06,-58.06,1.81,5.75,7.19,45.76,2.70
73.00,2.00,92.31,-13.94,12.31,12.00,-17.12,20.06,45.76,2.70
73.00,0.00,98.62,7.56,-123.38,65.00,14.88,13.50,47.22,2.72
73.00,1.00,321.88,3.12,-58.06,2.00,5.62,7.75,47.22,2.72
73.00,2.00,91.88,-13.75,11.94,14.12,-15.75,20.69,47.22,2.72
73.00,0.00,97.44,7.94,-124.62,62.88,14.69,13.62,48.58,2.74
73.00,1.00,321.62,3.12,-58.12,1.94,6.06,8.31,48.58,2.74
73.00,2.00,91.50,-13.50,11.56,15.00,-16.25,20.44,48.58,2.74
73.00,0.00,96.25,8.31,-125.81,60.25,14.81,13.19,49.91,2.76
73.00,1.00,321.44,3.19,-58.19,1.94,6.31,8.88,49.91,2.76
73.00,2.00,91.12,-13.25,11.19,13.88,-17.25,20.56,49.91,2.76
73.00,0.00,95.00,8.75,-126.88,57.75,15.94,14.19,51.19,2.78
73.00,1.00,321.25,3.19,-58.19,1.25,6.75,9.00,51.19,2.78
73.00,2.00,90.69,-13.06,10.81,13.12,-17.62,20.38,51.19,2.78
73.00,0.00,93.62,9.19,-128.00,56.25,16.12,15.88,52.48,2.80
73.00,1.00,321.00,3.25,-58.25,2.62,6.12,9.44,52.48,2.80
73.00,2.00,90.31,-12.81,10.50,11.06,-18.56,19.31,52.48,2.80
73.00,0.00,92.31,9.56,-129.06,54.94,14.75,15.88,53.78,2.82
73.00,1.00,320.75,3.38,-58.31,3.25,5.56,10.00,53.78,2.82
73.00,2.00,89.94,-12.50,10.19,9.56,-20.25,19.25,53.78,2.82
73.00,0.00,90.94,10.00,-130.12,53.94,13.81,15.81,55.09,2.84
73.00,1.00,320.50,3.44,-58.38,2.44,5.38,9.25,55.09,2.84
73.00,2.00,89.56,-12.19,9.94,8.12,-18.75,19.25,55.09,2.84
73.00,0.00,89.62,10.38,-131.12,53.12,13.62,15.19,56.40,2.86
73.00,1.00,320.25,3.56,-58.38,1.88,4.69,8.25,56.40,2.86
73.00,2.00,89.12,-11.88,9.69,7.12,-17.88,19.56,56.40,2.86
73.00,0.00,88.25,10.75,-132.12,50.50,14.25,12.00,57.62,2.88
73.00,1.00,320.06,3.62,-58.44,1.62,4.56,7.75,57.62,2.88
73.00,2.00,88.75,-11.62,9.50,7.94,-15.81,19.25,57.62,2.88
73.00,0.00,86.94,11.06,-133.06,48.56,12.69,8.81,58.80,2.90
73.00,1.00,319.88,3.69,-58.44,0.62,5.19,7.94,58.80,2.90
73.00,2.00,88.38,-11.44,9.25,7.31,-12.88,18.56,58.80,2.90
73.00,0.00,85.75,11.31,-134.00,48.88,10.88,8.00,60.04,2.92
73.00,1.00,319.62,3.75,-58.50,0.38,5.94,7.19,60.04,2.92
73.00,2.00,88.00,-11.25,9.06,5.38,-11.75,18.38,60.04,2.92
73.00,0.00,84.56,11.56,-134.88,46.31,10.12,6.00,61.27,2.94
73.00,1.00,319.56,3.81,-58.50,-0.62,6.00,6.25,61.27,2.94
73.00,2.00,87.81,-11.19,8.94,3.56,-11.75,19.12,61.27,2.94
73.00,0.00,83.88,11.62,-135.62,44.19,7.38,2.25,62.46,2.96
73.00,1.00,319.38,3.81,-58.44,-1.56,6.12,6.25,62.46,2.96
73.00,2.00,87.25,-10.94,8.75,2.31,-10.62,18.69,62.46,2.96
73.00,0.00,296.62,11.62,-136.31,43.38,7.69,1.19,63.67,2.98
73.00,1.00,319.19,3.88,-58.44,-1.44,6.31,7.25,63.67,2.98
73.00,2.00,86.88,-10.81,8.69,1.06,-10.19,17.62,63.67,2.98
73.00,0.00,296.38,11.56,-136.94,42.44,6.56,-0.12,64.89,3.00
73.00,1.00,319.00,3.94,-58.38,-2.81,5.38,6.56,64.89,3.00
73.00,2.00,86.75,-10.75,8.62,-0.19,-10.00,16.12,64.89,3.00
73.00,0.00,296.12,11.50,-137.50,40.88,4.50,-1.25,66.10,3.02
73.00,1.00,318.81,3.94,-58.31,-3.88,5.44,6.69,66.10,3.02
73.00,2.00,86.25,-10.50,8.56,-1.19,-9.69,15.06,66.10,3.02
73.00,0.00,295.94,11.38,-138.00,38.81,3.06,-3.00,67.30,3.04
73.00,1.00,318.62,4.00,-58.25,-4.31,5.69,6.69,67.30,3.04
73.00,2.00,86.12,-10.44,8.56,-3.44,-9.69,14.25,67.30,3.04
73.00,0.00,295.75,11.25,-138.69,37.62,-0.06,-3.69,68.53,3.06
73.00,1.00,318.44,4.06,-58.12,-5.06,4.81,6.56,68.53,3.06
73.00,2.00,85.69,-10.25,8.62,-5.06,-8.69,12.81,68.53,3.06
73.00,0.00,295.56,11.19,-139.38,34.81,-2.88,-4.38,69.66,3.08
73.00,1.00,318.25,4.12,-58.06,-5.81,4.62,5.25,69.66,3.08
73.00,2.00,85.44,-10.12,8.69,-4.94,-7.31,11.62,69.66,3.08
73.00,0.00,295.44,11.06,-139.94,31.56,-4.44,-5.88,70.69,3.10
73.00,1.00,318.12,4.12,-57.94,-6.06,4.56,5.31,70.69,3.10
73.00,2.00,85.19,-10.00,8.75,-4.31,-6.31,10.50,70.69,3.10
73.00,0.00,295.25,10.88,-140.50,28.56,-6.12,-7.56,71.63,3.12
73.00,1.00,318.00,4.12,-57.81,-6.50,4.31,3.69,71.63,3.12
73.00,2.00,85.00,-9.94,8.75,-4.50,-5.50,9.62,71.63,3.12
73.00,0.00,295.12,10.69,-141.06,27.19,-7.81,-8.00,72.56,3.14
73.00,1.00,317.88,4.19,-57.62,-6.44,4.06,3.88,72.56,3.14
73.00,2.00,84.81,-9.88,8.88,-5.25,-4.88,9.31,72.56,3.14
73.00,0.00,295.00,10.44,-141.56,26.81,-7.62,-6.50,73.51,3.16
73.00,1.00,317.75,4.19,-57.50,-6.69,4.19,4.25,73.51,3.16
73.00,2.00,84.62,-9.81,8.94,-6.19,-5.00,9.12,73.51,3.16
73.00,0.00,294.81,10.31,-142.06,23.31,-6.44,-7.12,74.37,3.18
73.00,1.00,317.62,4.25,-57.38,-6.81,4.62,4.44,74.37,3.18
73.00,2.00,84.44,-9.75,9.06,-7.00,-5.19,8.94,74.37,3.18
73.00,0.00,294.69,10.06,-142.31,19.88,-7.12,-10.00,75.14,3.20
73.00,1.00,317.50,4.25,-57.25,-6.75,4.56,4.56,75.14,3.20
73.00,2.00,84.19,-9.62,9.12,-7.06,-5.25,9.12,75.14,3.20
73.00,0.00,294.50,9.81,-142.69,19.38,-8.75,-10.31,75.89,3.22
73.00,1.00,317.38,4.25,-57.06,-6.62,4.69,4.44,75.89,3.22
73.00,2.00,84.00,-9.56,9.25,-6.88,-4.56,8.50,75.89,3.22
73.00,0.00,294.31,9.56,-143.06,19.81,-8.94,-8.25,76.67,3.24
73.00,1.00,317.25,4.31,-56.94,-6.62,4.62,4.38,76.67,3.24
73.00,2.00,83.94,-9.56,9.31,-7.19,-4.62,8.12,76.67,3.24
73.00,0.00,294.19,9.38,-143.44,18.38,-9.00,-7.38,77.39,3.26
73.00,1.00,317.12,4.31,-56.81,-5.69,4.38,4.19,77.39,3.26
73.00,2.00,83.69,-9.44,9.50,-6.81,-4.25,7.56,77.39,3.26
73.00,0.00,294.06,9.12,-143.75,16.00,-9.38,-7.50,78.02,3.28
73.00,1.00,317.00,4.31,-56.69,-5.94,4.38,3.69,78.02,3.28
73.00,2.00,83.56,-9.38,9.62,-6.00,-4.38,6.44,78.02,3.28
73.00,0.00,294.00,8.94,-144.06,15.31,-8.19,-6.00,78.64,3.30
73.00,1.00,316.88,4.38,-56.56,-6.19,4.06,4.19,78.64,3.30
73.00,2.00,83.50,-9.38,9.69,-6.44,-5.12,5.75,78.64,3.30
73.00,0.00,293.88,8.75,-144.25,11.56,-6.44,-6.88,79.12,3.32
73.00,1.00,316.81,4.38,-56.44,-5.06,2.50,3.31,79.12,3.32
73.00,2.00,83.31,-9.25,9.81,-5.19,-4.25,5.62,79.12,3.32
73.00,0.00,293.75,8.56,-144.44,8.81,-6.56,-8.38,79.48,3.34
73.00,1.00,316.69,4.38,-56.31,-5.00,2.75,2.81,79.48,3.34
73.00,2.00,83.25,-9.25,9.88,-4.06,-4.06,5.25,79.48,3.34
73.00,0.00,293.62,8.38,-144.56,5.88,-4.44,-8.88,79.76,3.36
73.00,1.00,316.62,4.44,-56.25,-4.50,3.62,3.75,79.76,3.36
73.00,2.00,83.06,-9.12,10.00,-3.81,-4.38,6.19,79.76,3.36
73.00,0.00,293.44,8.25,-144.62,5.31,-4.50,-8.81,80.03,3.38
73.00,1.00,316.50,4.44,-56.12,-4.38,4.06,3.88,80.03,3.38
73.00,2.00,82.88,-9.06,10.06,-4.06,-4.75,6.94,80.03,3.38
73.00,0.00,293.31,8.06,-144.69,4.19,-3.31,-7.81,80.26,3.40
73.00,1.00,316.38,4.44,-56.06,-4.38,4.25,3.88,80.26,3.40
73.00,2.00,82.81,-9.00,10.06,-3.94,-4.81,7.25,80.26,3.40
73.00,0.00,293.19,7.94,-144.75,3.06,-3.31,-6.81,80.48,3.42
73.00,1.00,316.31,4.44,-55.94,-3.81,5.25,3.88,80.48,3.42
73.00,2.00,82.56,-8.94,10.12,-4.56,-3.94,6.81,80.48,3.42
73.00,0.00,293.12,7.81,-144.81,2.12,-4.62,-6.06,80.69,3.44
73.00,1.00,316.19,4.44,-55.88,-3.94,5.44,4.12,80.69,3.44
73.00,2.00,82.50,-8.94,10.19,-5.19,-2.50,6.69,80.69,3.44
73.00,0.00,293.06,7.75,-144.81,2.38,-6.88,-5.62,80.91,3.46
73.00,1.00,316.00,4.44,-55.75,-3.88,5.56,3.69,80.91,3.46
73.00,2.00,82.31,-8.88,10.31,-5.19,-0.69,6.56,80.91,3.46
73.00,0.00,293.00,7.56,-144.88,1.31,-6.75,-5.62,81.09,3.48
73.00,1.00,315.88,4.44,-55.69,-3.50,5.38,3.31,81.09,3.48
73.00,2.00,82.19,-8.94,10.44,-5.00,0.25,6.62,81.09,3.48
73.00,0.00,292.94,7.38,-144.88,-0.94,-7.75,-7.69,81.20,3.50
73.00,1.00,315.81,4.44,-55.62,-3.50,5.56,3.12,81.20,3.50
73.00,2.00,82.12,-8.94,10.44,-4.88,1.31,6.25,81.20,3.50
73.00,0.00,292.81,7.19,-144.88,-0.06,-6.81,-5.94,81.34,3.52
73.00,1.00,315.69,4.44,-55.50,-3.00,6.06,3.38,81.34,3.52
73.00,2.00,81.94,-9.00,10.56,-5.12,1.06,6.19,81.34,3.52
73.00,0.00,292.75,7.06,-144.88,-1.44,-4.69,-4.94,81.45,3.54
73.00,1.00,315.56,4.44,-55.44,-2.94,5.94,3.38,81.45,3.54
73.00,2.00,81.88,-9.06,10.62,-5.25,0.88,6.44,81.45,3.54
73.00,0.00,292.69,6.94,-144.81,-2.69,-4.50,-4.38,81.51,3.56
73.00,1.00,315.44,4.38,-55.38,-2.56,6.12,3.19,81.51,3.56
73.00,2.00,81.62,-9.12,10.75,-4.69,1.00,6.12,81.51,3.56
73.00,0.00,292.69,6.88,-144.75,-3.19,-3.50,-3.88,81.53,3.58
73.00,1.00,315.31,4.38,-55.31,-2.75,5.88,3.19,81.53,3.58
73.00,2.00,81.56,-9.12,10.81,-3.88,0.81,5.75,81.53,3.58
73.00,0.00,292.62,6.88,-144.69,-5.38,-0.69,-3.12,81.48,3.60
73.00,1.00,315.19,4.38,-55.25,-2.44,6.31,3.25,81.48,3.60
73.00,2.00,81.50,-9.19,10.88,-3.62,0.75,5.62,81.48,3.60
73.00,0.00,292.62,6.88,-144.56,-6.62,0.25,-2.06,81.39,3.62
73.00,1.00,315.06,4.31,-55.19,-3.00,6.38,2.81,81.39,3.62
73.00,2.00,81.31,-9.25,10.94,-3.62,0.62,5.44,81.39,3.62
73.00,0.00,292.56,6.88,-144.44,-7.25,0.44,-1.50,81.30,3.64
73.00,1.00,314.94,4.31,-55.12,-3.00,6.62,2.50,81.30,3.64
73.00,2.00,81.25,-9.25,11.00,-3.94,0.44,5.44,81.30,3.64
73.00,0.00,292.56,6.88,-144.25,-7.50,1.31,-0.81,81.21,3.66
73.00,1.00,314.81,4.25,-55.06,-3.00,6.25,2.56,81.21,3.66
73.00,2.00,81.06,-9.25,11.06,-4.31,-0.06,5.44,81.21,3.66
73.00,0.00,292.56,6.88,-144.19,-6.62,1.38,-0.62,81.14,3.68
73.00,1.00,314.75,4.25,-55.00,-3.12,6.06,2.62,81.14,3.68
73.00,2.00,80.94,-9.31,11.12,-4.38,0.38,5.19,81.14,3.68
73.00,0.00,292.56,6.94,-144.06,-4.19,1.19,0.25,81.16,3.70
73.00,1.00,314.62,4.19,-54.94,-3.00,6.00,2.88,81.16,3.70
73.00,2.00,80.94,-9.31,11.19,-4.69,0.00,4.75,81.16,3.70
73.00,0.00,292.56,6.94,-144.00,-3.56,0.50,0.19,81.20,3.72
73.00,1.00,314.50,4.19,-54.88,-3.19,5.00,2.62,81.20,3.72
73.00,2.00,80.75,-9.31,11.31,-4.94,-0.19,4.50,81.20,3.72
73.00,0.00,292.56,6.94,-144.00,-3.25,0.50,0.06,81.24,3.74
73.00,1.00,314.44,4.19,-54.81,-3.38,4.69,2.50,81.24,3.74
73.00,2.00,80.69,-9.38,11.31,-4.75,-0.06,4.25,81.24,3.74
73.00,0.00,292.56,6.94,-143.94,-2.44,0.50,-0.50,81.26,3.76
73.00,1.00,314.31,4.12,-54.75,-2.75,4.06,1.75,81.26,3.76
73.00,2.00,80.56,-9.38,11.44,-3.19,-0.06,3.81,81.26,3.76
73.00,0.00,292.56,6.94,-143.88,-2.50,1.00,-0.56,81.26,3.78
73.00,1.00,314.31,4.06,-54.69,-2.75,4.19,1.31,81.26,3.78
73.00,2.00,80.50,-9.38,11.50,-2.31,0.19,3.44,81.26,3.78
73.00,0.00,292.56,6.94,-143.88,-2.44,1.06,-0.62,81.26,3.80
73.00,1.00,314.19,4.06,-54.62,-2.56,4.19,1.69,81.26,3.80
73.00,2.00,80.44,-9.44,11.50,-2.56,-0.06,3.12,81.26,3.80
73.00,0.00,292.50,6.94,-143.81,-2.12,0.94,-0.44,81.29,3.82
73.00,1.00,314.12,4.06,-54.56,-3.12,3.62,1.69,81.29,3.82
73.00,2.00,80.38,-9.44,11.56,-3.31,-0.50,2.69,81.29,3.82
73.00,0.00,292.50,7.00,-143.75,-2.19,0.88,-0.19,81.35,3.84
73.00,1.00,314.06,4.00,-54.50,-3.56,3.31,1.62,81.35,3.84
73.00,2.00,80.38,-9.44,11.62,-4.25,-0.94,2.31,81.35,3.84
73.00,0.00,292.50,7.00,-143.69,-2.50,0.81,-0.19,81.42,3.86
73.00,1.00,314.00,4.00,-54.44,-4.38,3.19,1.50,81.42,3.86
73.00,2.00,80.31,-9.44,11.75,-5.00,-0.94,1.69,81.42,3.86
73.00,0.00,292.50,7.00,-143.69,-3.06,0.81,-1.06,81.50,3.88
73.00,1.00,314.00,4.00,-54.38,-4.75,2.69,1.31,81.50,3.88
73.00,2.00,80.25,-9.38,11.81,-5.56,-1.00,1.69,81.50,3.88
73.00,0.00,292.50,7.00,-143.62,-2.94,0.75,-1.38,81.56,3.90
73.00,1.00,313.94,4.00,-54.25,-4.75,2.12,0.69,81.56,3.90
73.00,2.00,80.19,-9.38,11.94,-5.06,-1.06,1.56,81.56,3.90
73.00,0.00,292.44,7.00,-143.56,-2.25,1.75,-0.75,81.61,3.92
73.00,1.00,313.94,3.94,-54.19,-4.31,1.88,1.06,81.61,3.92
73.00,2.00,80.19,-9.38,12.00,-4.31,-0.75,1.19,81.61,3.92
73.00,0.00,292.44,7.06,-143.50,-2.69,1.88,-0.31,81.64,3.94
73.00,1.00,313.88,3.94,-54.06,-4.06,1.94,1.00,81.64,3.94
73.00,2.00,80.19,-9.38,12.06,-3.56,-1.31,1.00,81.64,3.94
73.00,0.00,292.44,7.06,-143.44,-2.75,2.00,-0.69,81.64,3.96
73.00,1.00,313.88,3.94,-54.00,-3.56,1.88,0.88,81.64,3.96
73.00,2.00,80.12,-9.38,12.12,-2.81,-1.94,0.81,81.64,3.96
73.00,0.00,292.38,7.06,-143.38,-3.19,1.88,-1.25,81.61,3.98
73.00,1.00,313.81,3.94,-53.94,-3.25,1.44,1.25,81.61,3.98
73.00,2.00,80.12,-9.31,12.19,-2.12,-1.81,0.94,81.61,3.98
73.00,0.00,292.38,7.06,-143.31,-4.06,1.75,-1.69,81.55,4.00
73.00,1.00,313.81,3.94,-53.88,-3.06,0.75,0.81,81.55,4.00
73.00,2.00,80.06,-9.31,12.25,-1.94,-2.06,1.19,81.55,4.00
73.00,0.00,292.31,7.06,-143.25,-2.94,0.62,-0.88,81.51,4.02
73.00,1.00,313.81,3.94,-53.81,-2.88,1.06,1.12,81.51,4.02
73.00,2.00,80.06,-9.25,12.25,-1.69,-2.00,1.25,81.51,4.02
73.00,0.00,292.31,7.06,-143.19,-3.19,1.44,0.31,81.47,4.04
73.00,1.00,313.75,3.94,-53.75,-2.44,1.38,1.69,81.47,4.04
73.00,2.00,80.00,-9.25,12.31,-1.75,-2.06,1.38,81.47,4.04
73.00,0.00,292.31,7.12,-143.12,-2.94,0.81,-0.38,81.45,4.06
73.00,1.00,313.69,3.94,-53.69,-2.12,1.81,1.56,81.45,4.06
73.00,2.00,80.00,-9.25,12.38,-2.00,-1.31,1.00,81.45,4.06
73.00,0.00,292.31,7.12,-143.12,-1.69,-0.38,-0.69,81.43,4.08
73.00,1.00,313.69,3.94,-53.69,-1.75,1.38,1.38,81.43,4.08
73.00,2.00,80.00,-9.19,12.38,-1.06,-0.38,0.00,81.43,4.08
73.00,0.00,292.31,7.12,-143.12,-0.50,-0.69,-0.50,81.42,4.10
73.00,1.00,313.62,3.94,-53.62,-1.19,0.94,0.38,81.42,4.10
73.00,2.00,80.00,-9.19,12.44,-0.19,0.44,0.06,81.42,4.10
73.00,0.00,292.31,7.06,-143.12,0.00,-0.38,-0.31,81.41,4.12
73.00,1.00,313.62,3.94,-53.62,-0.56,0.19,-0.12,81.41,4.12
73.00,2.00,80.00,-9.25,12.44,0.44,0.25,-0.12,81.41,4.12
73.00,0.00,292.31,7.06,-143.12,0.12,-0.12,-0.50,81.39,4.14
73.00,1.00,313.69,3.88,-53.62,-0.19,-0.38,-0.31,81.39,4.14
73.00,2.00,80.00,-9.25,12.50,0.88,-0.06,-0.31,81.39,4.14
73.00,0.00,292.31,7.06,-143.12,-0.12,0.38,-0.69,81.36,4.16
73.00,1.00,313.69,3.88,-53.62,0.00,-0.56,-0.06,81.36,4.16
73.00,2.00,80.00,-9.25,12.50,0.69,-0.44,-0.50,81.36,4.16
73.00,0.00,292.31,7.06,-143.12,-0.31,0.75,-1.06,81.30,4.18
73.00,1.00,313.69,3.88,-53.56,0.81,-1.19,-0.12,81.30,4.18
73.00,2.00,80.00,-9.25,12.56,1.75,-0.31,-0.69,81.30,4.18
73.00,0.00,292.25,7.06,-143.06,-0.50,1.00,-1.25,81.21,4.20
73.00,1.00,313.69,3.88,-53.56,1.56,-2.38,-0.12,81.21,4.20
73.00,2.00,80.06,-9.25,12.56,2.81,-0.56,-1.75,81.21,4.20
73.00,0.00,292.25,7.06,-143.06,-0.50,0.94,-1.25,81.08,4.22
73.00,1.00,313.75,3.94,-53.62,2.38,-3.69,-0.25,81.08,4.22
73.00,2.00,80.06,-9.25,12.56,4.00,-0.44,-2.50,81.08,4.22
73.00,0.00,292.19,7.06,-143.00,-0.75,1.25,-1.12,80.89,4.24
73.00,1.00,313.81,3.94,-53.62,3.56,-5.38,-0.69,80.89,4.24
73.00,2.00,80.12,-9.25,12.56,5.81,0.19,-3.50,80.89,4.24
73.00,0.00,292.12,7.12,-143.00,-0.56,2.94,-1.69,80.69,4.26
73.00,1.00,313.88,4.00,-53.69,4.56,-6.06,-1.56,80.69,4.26
73.00,2.00,80.25,-9.25,12.44,6.62,0.25,-4.50,80.69,4.26
